{"results": [{"info": "success", "width": 55.67610567979128, "right_bottom": [275, 551], "conf": 1.0, "left_top": [218, 228], "left_bottom": [229, 551], "laser_top": [239, 339], "right_top": [270, 228], "laser_bottom": [241, 449]}, {"info": "success", "width": 43.96156597876749, "right_bottom": [251, 475], "conf": 0.8, "left_top": [203, 299], "left_bottom": [207, 475], "laser_top": [232, 332], "right_top": [253, 299], "laser_bottom": [234, 452]}]}